id,name,comment_karma,link_karma,created,employee,mod,gold
iigz6,mvanigan,114419,640640,1411360404.0,False,False,True
816cd,SrGrafo,1031528,440675,1339997008.0,False,True,True
1cu2wtez,Tarlohp,173,7080,1526143766.0,False,False,True
5g1yj,SAT0725,47658,1261438,1309367619.0,False,True,True
2n02mb2q,nixonico,7685,1009492,1542764102.0,False,True,True
5to7ly5,fivemoretimes,10270,22823,1500260227.0,False,False,False
1pieouyi,pog13959392,7783,15737,1530776688.0,False,False,False
23eksmre,MohamedHwedi,345,31700,1535595020.0,False,False,True
yq015,DiVine92,24271,41359,1465909099.0,False,False,False
10y4fa,Nuketown220,208,6302,1472386959.0,False,False,False
sd13qs4,Morchel03,22084,207082,1516191127.0,False,True,True
1fy9x7ip,Thudzentr,2795,6988,1527264840.0,False,False,False
2b89xmt,monyzzi,189,5401,1502072772.0,False,False,False
syhdl,sp8rks,2426,12600,1450136139.0,False,True,False
6hji,mvea,190236,16198531,1148438857.0,False,True,True
h1nqv37,Kelmo7,11109,387499,1526223826.0,False,True,False
12vd7m,theanxiousbandit,7668,11257,1479354354.0,False,False,False
wm4ie,bennyboy82,52619,61550,1458788074.0,False,True,True
327gn4wl,deabeatdad,427,66023,1548214374.0,False,False,False
mhysp5m,Pottsie03,5685,13876,1511928578.0,False,True,False
ufrz3,Taiwanderful,115227,33871,1454684450.0,False,True,False
qot6b,lobofett12,13391,202514,1443031984.0,False,True,True
39z88ixo,CaptainWisconsin,2626,32967,1550846341.0,False,False,True
2as8btn,BattleUpSaber,279224,366052,1495878647.0,False,True,False
whsxv,swabianne,65240,108406,1458330838.0,False,False,True
1s32jkd6,Urban_Commander,35,138748,1531662967.0,False,False,False
h9ibg,imagepoem,434991,4002194,1404578380.0,False,False,True
hyct3,senhiro,1215,7284,1408476822.0,False,False,True
muw2d,Empherial,11,4680,1428817407.0,False,False,False
4eqhs,lnfinity,131312,3361329,1286421614.0,False,True,True
13ovnzfo,thebipolar_bear,335,28729,1522185333.0,False,False,False
7djgx,iltsaw,199,8823,1333739261.0,False,False,False
5v3pi,wigzisonfire,2930,24847,1316079679.0,False,False,False
4o0rm,MrLovens,138905,1792695,1293649645.0,False,True,True
kyj2z,twasjustbantar,1536,7353,1422295308.0,False,False,False
cjyon,relevantlife,349357,5132548,1375117266.0,False,True,True
9klhs,english_gritts,223314,72805,1352651214.0,False,True,False
s083bfs,pagodelucia123,50179,185318,1515952209.0,False,False,False
1juvzinq,W00S,2042,5434,1528728572.0,False,False,False
1vqm9qtf,Anuncie-aqui,6609,4791,1532915847.0,False,False,False
abn99,chiquitamichi,12147,48330,1358884234.0,False,False,False
i4gvv,Inkeyis,17372,4322,1409423732.0,False,False,False
kg7zgyu,thewateroflife,131248,146355,1510519540.0,False,False,True
z9u7ivt,jetclarke,4260,106040,1519889022.0,False,False,True
w7xnut1,TruePatriot540,1440,8223,1518195417.0,False,False,False
8dc46,leducdeguise,159209,215205,1342603154.0,False,True,False
9fv3t,mithril_mayhem,14421,18359,1351479956.0,False,False,False
1kn4uy22,sweetsunshower28,9120,6767,1544583870.0,False,False,False
66ptpjq,jonna11villarreal,172,2947,1499313909.0,False,False,False
8igfz,onefootin,17076,11027,1343741921.0,False,True,True
13ya8y23,BlackEyedBroad,11156,286046,1522429717.0,False,False,False
j28tt,reubal,7557,16656,1414366789.0,False,False,False
2yl8uq3v,studyl,1128,5329,1547073170.0,False,False,False
2kpqmsip,ItsMoJam,366,3539,1541876741.0,False,False,False
74nrn,daredare11,13,4944,1331299358.0,False,False,False
2ngd7aio,Kyle_sch,4785,285615,1547063335.0,False,True,True
j5axf,JeremisPrim3,4332,7200,1414827320.0,False,False,True
2k06m8jm,EverybodyWantsToBeUs,220060,419363,1541591543.0,False,True,False
1lnxdlb9,ItsDinnerb0ne,244,13772,1529405019.0,False,False,False
mtzfn,Tucko29,142194,2560829,1428703582.0,False,True,True
p8gjay9,sezar4321,4083,350099,1513953099.0,False,True,True
66peruk,jonathantonga,1082,3937,1499313665.0,False,False,True
1hlfgaqr,natureboyldn,33,13661,1527863750.0,False,False,True
1grc4n5n,getUserName01,223,5747,1527559854.0,False,False,False
2vbekg4d,jimmyjammyj,3987,9405,1545929076.0,False,False,False
1dc8cnw,OneSpatula,11975,16674,1495587218.0,False,True,True
5go3w,dolosan,8316,13344,1309691780.0,False,False,False
38cecpjd,b-rad__,0,2929,1550262275.0,False,False,False
tkpoz,Nougatbiter,413,5547,1452197544.0,False,False,False
37lbh4b5,iLostMyOldAcount,10,10484,1550776523.0,False,False,True
kpe2b,xSylice,591,6884,1421214589.0,False,False,False
z7k09dd,CivilWarfare,1947,12346,1519826163.0,False,False,False
8nyep,Khagneur,7469,15428,1344941343.0,False,True,True
2im7llau,hercs247,4548,98458,1541026534.0,False,True,True
38yyew8o,monomotive,415,142038,1550493278.0,False,False,True
27lztt44,ThatSubside,293,3999,1536942278.0,False,False,False
1slgii1k,Th3_Spartan,11,6180,1551209933.0,False,False,False
xmyvh5c,Never_Hard,376,4164,1518959630.0,False,False,False
tu39j,JackmanWorks,32516,187666,1452921551.0,False,True,True
109ryfa0,yakuza_barda,9354,100210,1520387585.0,False,True,False
p9og7dz,vine-compilation,9164,10070,1513975995.0,False,True,True
3cbeiuxi,FcknOathCunt,54,3249,1551679327.0,False,False,False
14nbat,melanthon,65,6669,1485018145.0,False,False,False
1uw4vts0,CraftyExtent,1925,133939,1532602843.0,False,True,True
vkmb153,kparky_,55,6167,1517850582.0,False,False,False
nstpx,jacquesopper,8448,147108,1432982094.0,False,True,True
e99d9,YourBrotherRonnie,1864,4336,1386517164.0,False,False,True
wmnid,GreenTeaPike,115,2675,1458850398.0,False,False,False
a75420j,JoojToranja,5519,17399,1506402008.0,False,True,False
2jtgcpml,oroxoss,126,2022,1541517637.0,False,False,True
2vb0zcim,PastyMcBasicFace,2216,5088,1545926907.0,False,False,False
pa9lk,sirmakoto,18984,2043619,1438627919.0,False,False,True
2ii8bo2u,KoedReol,387,27435,1540986116.0,False,False,True
py25f5k,JadedAyr,40609,275786,1514487428.0,False,False,False
1ko79uua,mattisensei,91,5892,1529032444.0,False,False,False
2fmxhhzx,Cowboybenbob217,46,2768,1551580879.0,False,False,False
v8b0m,Maymayfish,36846,13289,1455779230.0,False,False,False
mous4,Adelu1219,43975,263449,1428115557.0,False,False,True
4ocu7,iam4real,291074,3259156,1293908513.0,False,False,True
3e245xl1,Successful_Break,162,3099,1552338170.0,False,False,False
2x1nqz2u,vicabba,19,4849,1546544954.0,False,False,False
xwsvt,mspoonygp,4214,61429,1463174823.0,False,False,False
bi5xl,IncaseAce,487571,805541,1367268952.0,False,True,True
o4bvc,secretqwerty10,970,17597,1434355651.0,False,False,False
qyhjt,FaSHaW,1455,11085,1444063419.0,False,True,False
no97e3c,theMaverickHQ,207,5844,1526762390.0,False,True,False
1511hz,mayimbe17,498,93381,1486091365.0,False,False,False
ffrbp,O-shi,838475,1995178,1393301067.0,False,True,True
o6z81,iushciuweiush,391032,12687,1434647787.0,False,False,False
16sa6x,porichoygupto,7439,1464196,1491324649.0,False,False,False
6w8tr,NnAaDdAa,0,2187,1328945538.0,False,False,False
inxnq,interspaceninja,23395,150358,1412209831.0,False,True,False
1n2wbubw,kenerd24601,8466,15003,1529892094.0,False,False,False
2on7ucyh,d7142_2,-1,2985,1543422212.0,False,False,False
c2g43,twin802,8252,22634,1371483598.0,False,True,False
1ya47j4n,Boojibs,93590,335616,1534528580.0,False,False,True
robrz2q,That1GeekyGuy,2354,2087,1515732211.0,False,False,False
1h6m4ybs,BlobIsBored,208,3379,1527711864.0,False,False,False
1711nj,YannisALT,1712,364740,1492041442.0,False,True,False
2nq3a1jh,AvesN,2048,2903,1543063928.0,False,False,False
hdzd3ie,enigmattack,149,3512,1508030217.0,False,False,True
bbqjb,challenge04,400,2358,1366037613.0,False,False,False
27x4pp4,Jackal_Main_0224,765,14847,1545170063.0,False,True,False
12xd1k,iophjio,40,4475,1479571407.0,False,False,False
34bt7gmq,oz02,377,12443,1548912678.0,False,False,True
10o1enyt,pat_tom,36,4871,1543364079.0,False,False,False
hkuxyr6,SScouterSS,2527,192909,1508182066.0,False,False,True
14xryv,Tame_Trex,11446,34530,1485836525.0,False,False,False
jpbutsr,BamboozleBird,50406,4715,1509749631.0,False,True,False
p8q08,chill1208,6300,17635,1438462655.0,False,False,False
3212uju8,sekai-sama,0,2569,1548165976.0,False,False,False
13wck5,Dessert42,16029,984631,1482845082.0,False,True,True
11j0ci6f,i_Bug,423,5846,1521056119.0,False,False,False
5qlsa,NinjaDiscoJesus,288453,2789581,1314456936.0,False,True,False
1tb36lxr,MrRE-sama,765,44013,1532055999.0,False,False,False
14cuy1,immediatesword,2651,24003,1484173127.0,False,False,False
22e52uqj,PuzzledEnvironment9,66,24069,1535279923.0,False,False,False
7wkgi71,kevinowdziej,57051,336723,1500681162.0,False,False,True
3battc,TheAfadar,168,6609,1517228876.0,False,False,False
d1gjh,Stonz_,4729,7210,1378510846.0,False,False,False
2tb82l41,young-woof,67,10629,1545171162.0,False,False,False
1w5l3uz8,literallyfabian,18027,50835,1533064751.0,False,False,False
3ehl281s,EmotionalSlip,1361,1654,1552489936.0,False,False,False
jilolm,Nosav,3798,13601,1494174747.0,False,False,False
egqde,SaksenSaxon,3835,4496,1387689544.0,False,False,False
hev1r,mercutios_death,17370,49401,1405434597.0,False,False,False
ngcde,Crankyoldhobo,46107,57727,1431537311.0,False,False,True
vgt49,pizzaslampa,2964,2419,1456323290.0,False,False,False
cip03,AbelHagen,81804,376175,1374830273.0,False,True,True
7b58d,CrazyAsian_10,17449,13370,1333113691.0,False,True,False
2mx1pyea,AlphW,4974,2467,1546525152.0,False,False,False
z0qz6,sandyish,210,2344,1466915073.0,False,False,False
200xodbi,flyfreq,1614,5214,1534458819.0,False,False,False
9m0w2,regi-ginge,6998,9157,1352980890.0,False,True,True
erw88,Pvt_Inbreastigator,8619,6397,1389519103.0,False,False,False
9sj5y,wyldcat,220842,609536,1354629906.0,False,True,False
4lovx,madetosink,13308,40292,1291881719.0,False,True,False
1jkckjfk,LawJarPAnagani,34,3490,1528901620.0,False,False,False
177vr0,SickKidMattie-B,178,4910,1492625663.0,False,True,False
wxuqi,tremors51000,12678,5492,1460016650.0,False,False,False
2qh7yh9i,MilesDaly,207,9571,1544126628.0,False,False,False
leatxly,Keekabo,454,2441,1526065797.0,False,False,False
s5306,Virtoso,311,6257,1447795950.0,False,False,False
eox75,Tulkyy,527,7396,1389073504.0,False,False,False
3dfnkm5z,Darionicus,35,2063,1552102980.0,False,False,False
wjuhehp,anolette7598,370,14584,1518369592.0,False,False,False
1d36ei18,Dovrick,101,11715,1526241840.0,False,False,False
m1dh1w5,ampdcharger,15523,451018,1511711996.0,False,False,False
o5h4m,S4ge_,9753,51298,1434485511.0,False,False,False
2j5s98f7,Soft_Kshp,50,47862,1541248531.0,False,False,True
o52me,starkness21,235,2463,1434438996.0,False,False,False
671oq1c,Demi_95,76,6033,1521688649.0,False,False,False
225x619,ahumanmadethis,10281,19101,1495669034.0,False,True,False
2viqx9bi,Dogedoomofinternet,53,5803,1545999416.0,False,False,False
xfnx16t,yehiaserag,794,15025,1521374447.0,False,False,False
2hk9ytbf,Bro---really,818,3617,1540623676.0,False,True,False
fdqan,CapoFantasma97,31293,12922,1392988840.0,False,True,False
nf1in,SirNoodlehe,49290,21195,1431375892.0,False,False,False
7h0ee,paulskamoonska,160,2910,1334605049.0,False,False,False
lipb0,Jaspergreenham,4827,14041,1424610178.0,False,True,True
241iywej,elevaterfart,794,155529,1535794353.0,False,False,False
btgdd,Morty_Goldman,223364,2945569,1369621994.0,False,False,True
1sx4k42n,KONHaze_,724,19322,1531931375.0,False,False,False
2b9vq6ad,kingkeeper5,1598,7797,1538272644.0,False,False,False
2yrkckr7,GEDI-KOR,8290,37398,1548163660.0,False,False,True
14i19q,LingerBinger,66,5406,1484600561.0,False,False,False
lamtp,Barskie,59399,90905,1423651400.0,False,True,False
v2onn,MappoTheFighter,1467,7595,1455555190.0,False,False,False
2xwq30yb,lvl50boss,5117,6207,1546841206.0,False,False,False
3dzw2gyq,Lost_In_The_Fold,176,2227,1552316883.0,False,False,False
16c3e9,TruuMoo_,370,2294,1489977583.0,False,False,False
3b0gb,ecedar,1,3958,1227732578.0,False,False,False
2j5a34y9,mdlr9921,2617,1499,1541242060.0,False,False,False
21eovyy4,dagritha,4297,85181,1534948700.0,False,False,False
22fc11l2,BanAllPineapples,142431,717908,1535291920.0,False,True,True
12xcy2,jugglass,163,1756,1479571111.0,False,False,False
1iwh7k8b,stealfire1,3446,10925,1533013171.0,False,False,False
9c20q,dearscrewtape,605,3102,1350509770.0,False,False,False
51ijr,Rebel_Saint,69270,144372,1301623867.0,False,True,True
3cetr6y6,GrandpaTakeMeHome,285,2552,1551718702.0,False,False,False
11ugsp,wontaskwonttell13,362,4300,1475469790.0,False,False,False
2f7kwrtz,Instinkt_RL,1701,25778,1539695473.0,False,False,False
49wepp1,RGRanch,15019,12428,1521234176.0,False,False,False
dg7oq,CyrusStarChaser,9361,1806,1381355474.0,False,False,True
65nd2,surfinbari88,3431,4950,1320155192.0,False,False,True
1hiw48j6,peter_seraphin,146,3174,1527835700.0,False,False,False
cllfk47,r0llej,2751,12116,1504419713.0,False,False,False
9xqdr,TQairstrike,1130,44474,1355884457.0,False,False,True
akc9xxu,helpmycareerout,952,5054,1502772309.0,False,False,False
1xidf8la,amwfhunter,2653,11595,1533561853.0,False,False,False
32ae3c3n,IndefiniteJudement,323,2163,1549631285.0,False,False,False
tp0y7,PM_ME_STEAM_K3YS,174737,2917910,1452527188.0,False,True,True
3d09744y,Slymeboii,2,3126,1551939503.0,False,False,False
bkpzoxd,brandork__135,768,2435,1503562319.0,False,False,False
jp41krq,GermanShepherdAMA,26826,90395,1509745298.0,False,True,False
buh88,hammy1227,5997,6395,1369837360.0,False,True,True
10u8gv,dracoNiiC,14235,31243,1472042792.0,False,True,False
2fg0oa4a,RiCriostoir,1783,678322,1539789068.0,False,True,True
oy9vb,BenV94,48964,154980,1437444472.0,False,False,False
3e9k2tfl,miffythebunny101,42,1621,1552412857.0,False,False,False
27j9wmr,limegreenbunny,54970,18924,1495799502.0,False,False,False
8uqfp,The_Egg_came_first,22495,7612,1346404836.0,False,False,False
15j0u9,HeyEatMyShit420,4876,6772,1487450541.0,False,False,False
94ttdwq,BiglyComics,1574,16907,1501667230.0,False,True,True
13l1p9wa,Bryakevpip,675,155995,1522131197.0,False,False,False
12bjwr,ZakitoWol,280,5511,1477204243.0,False,False,False
12fvrp,everyfatguyever,31993,419572,1477675095.0,False,False,True
1mt141pt,thefunnystache,877,7556,1529795634.0,False,True,False
oof7p,KatanaAmerica,281280,73000,1436550354.0,False,False,True
1y06xllh,GlobalConcentrate7,787,99039,1533742619.0,False,False,False
2av8j1zj,DukeTheGrammer,589,7182,1538084040.0,False,False,False
6tjbq,cj_cusack,261,10369,1328189444.0,False,False,False
fmx8o,Sophiera,23181,192939,1394460646.0,False,False,False
apiymdw,Not_Delirious,230,7828,1502880224.0,False,False,False
14z4xegq,MomOfADragon,10416,224855,1522782715.0,False,True,True
mdmb6,skrinsher,5252,4548,1426852900.0,False,False,False
3lv2l,adam-a,1667,5324,1251470045.0,False,False,False
h5eyg,TadeuszSynZygmunta,335,6258,1403818562.0,False,False,False
324v6n7p,Tenkins22,35,2623,1548194563.0,False,False,False
7em595f,DimitriTooProBro,19018,47112,1500306182.0,False,False,False
1197e7,Cyril_Hendrix,2955,22352,1473297620.0,False,False,True
pbvu2,Berthole,6844,7682,1438775943.0,False,False,True
2w28ejx9,DannyHallam,1288,191429,1546198407.0,False,False,True
7wu3x7l,Kay_McE,17276,15280,1500686317.0,False,False,False
3dlvfulv,Hapsburgjaw,724,4679,1552171389.0,False,False,False
1048zy,deathakissaway,98019,4052108,1470308973.0,False,False,True
13itgc,iqueerified,733,5980,1481583529.0,False,False,False
y5sf5u3,WRX_Mike84,133,3823,1519228141.0,False,False,False
4p50a,chabanais,226209,2142283,1294380220.0,False,True,True
y4k9p,CraigJSmith-Himself,4434,2700,1463943588.0,False,False,False
h05tt9,Karanvir3215,2225,15522,1498713533.0,False,False,False
12ebsx,eoiny224,105,4707,1477502394.0,False,False,False
835su,bmeinen,4,2925,1340389392.0,False,False,False
8rzri,lokikg,7197,7090,1345845218.0,False,True,False
2iylzaih,chinese-cookie,6349,4804,1541166933.0,False,True,False
2e21szwq,beta_looser,58744,90087,1539238387.0,False,False,True
2udluwgu,AgentMacGuffin69,270,4624,1545557496.0,False,False,False
cbqjw,MyPusyTasteLikePepsi,45860,23236,1373437583.0,False,True,False
3b6zdbbq,MayBroo,4592,7119,1551279809.0,False,False,True
16fzkt,RabbiBallzack,9838,9454,1490309665.0,False,False,False
28mfuzj8,Stone_K17,121,8124,1537299573.0,False,False,True
1ji6q9b9,166419131,6,3527,1548748101.0,False,False,False
bl0h4tb,Mecckan,3043,3760,1511717137.0,False,False,False
augrj,ads90,3363,7314,1362611567.0,False,False,False
396pojjz,AxelBeard,51,8259,1550568180.0,False,False,False
16njgo,AlphaWhiskeyHotel,1634,13981,1490974225.0,False,False,False
qzfkhnk,themoochiest,41356,7123,1515264861.0,False,True,False
amwwq,Civic07,4087,13513,1361146330.0,False,False,False
3egbp9db,ExactPromise,3,2536,1552477214.0,False,False,False
2907ceu2,GhostlySpectre2,3,3635,1537425351.0,False,False,False
35ku2pch,mrla123,6,3430,1549323281.0,False,False,False
2rbrl8wx,JzzC05,195,9996,1544462551.0,False,False,False
zowd4,Derpnshire,624,5953,1469088792.0,False,False,False
8nfg9,Sagebea,13530,23512,1344825430.0,False,True,False
knuy9cq,Wout716,9,2116,1517995068.0,False,False,False
kvkpmj9,TheBatfanTriumphant,1321,11577,1510657804.0,False,False,False
f03qe,buzzbuzzlightyear,8730,53636,1390840297.0,False,False,True
p6yhi,fenix547,623,23288,1438282327.0,False,True,False
2xshixha,NesDraug,119,4198,1546800169.0,False,False,False
1nf98z02,Tibic04,367,17180,1538934939.0,False,True,False
wfijf,jjjjlee,81,1181,1458130494.0,False,False,False
14lwtdkz,sleepy768,6068,7248,1522616639.0,False,False,False
13g9s2,prototype_4,8085,24784,1481340320.0,False,True,False
18g23i0r,3200meter,265,9436,1524433521.0,False,False,False
1zze9v3c,Based-God-Zyzz,1356,2076,1534445015.0,False,False,False
2y2tgvpo,wendy_give_me_thebat,573,85740,1546901872.0,False,False,True
1569tkic,nolifekeku,860,8514,1522873491.0,False,True,False
hlz0x,timrodie,724,3348,1406558115.0,False,False,False
1h7naj0a,biggersammy,380,7148,1527721484.0,False,False,False
4jphk,llewellynjean,33298,93037,1290454466.0,False,True,True
35hccxgl,milkymilftitties,4,11482,1551554972.0,False,False,True
2rak33cw,Mark1sLord,138,4997,1544450099.0,False,False,False
2jepzbm3,ThijnJD,12,4548,1541351731.0,False,False,False
8n8nu,CMikeHunt,14074,180472,1344786419.0,False,True,False
2e104my3,FlqmeDeqth,970,19013,1539227137.0,False,False,False
1rkxjl3a,zombismasher13,32,4642,1531490680.0,False,False,False
aeu0s,HotThermos,2112,5141,1359515762.0,False,False,False
ft6nm,Sonserf369,80364,128672,1395531505.0,False,False,False
c2zi0,mpbosco11,2117,9700,1371591721.0,False,False,False
2hfywvbi,deathmetalgf,7142,249421,1540579472.0,False,True,True
y05u7,SmallLebowsky,20053,118857,1463506798.0,False,False,True
x605eka,PillarofDeception,8309,158601,1518700616.0,False,False,False
11x1w4ag,polishmikeb,7534,26362,1521253951.0,False,False,True
4ixe7zf,Tscholle22,905,4900,1506938272.0,False,False,False
1nhp2hs9,Theallsayingeye,71,976,1530041263.0,False,False,False
pvvrx,KuaiBan,1904,57632,1440630216.0,False,False,True
5n1zu5t,TheLoremann,7780,7022,1520862182.0,False,False,True
ouhi9,26326312,198968,124116,1437074176.0,False,False,True
1rczrm61,LukiAuriga,2830,6129,1531417783.0,False,False,False
w4xbl,joshisgr8,29536,34098,1457107113.0,False,True,False
slnv1i1,lilowe20,191,7405,1525134161.0,False,False,False
vcbas,xiezhikuangb,1,3977,1456025230.0,False,False,False
6eyqt,SamMee514,59533,237579,1323581856.0,False,True,False
pm1m8qa,galileo_1,526,7046,1514244393.0,False,False,False
hykxcl7,dendrophilix,425,1829,1508490028.0,False,False,False
1ype26j7,usuzulose,82,1258,1539350508.0,False,False,False
1292mc,astroveria,1790,23443,1476932435.0,False,True,False
3alq82ot,barbarapalvins,130,4807,1551065863.0,False,False,False
mcgxdc,Glumbot_2,30559,854963,1494254836.0,False,True,True
9j7ue,anoelr1963,112422,348244,1352312202.0,False,False,False
2dmlggt7,_-Robin-_,14323,35136,1539080147.0,False,False,False
13bxtnfs,theparacite,12121,141867,1522003129.0,False,False,False
18sqdcl5,lillitheb,909,11248,1524537048.0,False,False,False
1p66tkte,puza_lea_u,65,3818,1530654809.0,False,False,False
11myatvq,ChrisDoesLana,1596,4706,1524400458.0,False,False,False
72hgd57,mamalyuba,162,2081,1500040210.0,False,False,False
fwi9r,liamOSM,8682,9990,1396101849.0,False,True,False
2579rqwl,Payback_paycheck2,44,5922,1536159896.0,False,False,False
mt6gi35,LordChumbis,1101,9343,1512176436.0,False,False,False
288sb33e,Ramseyspring,103,14484,1537170437.0,False,False,False
ho4t4,kremor,1496,10712,1406862228.0,False,True,False
126hgt,just-peachyy,56440,687291,1476677050.0,False,True,True
12xczl,sportcirickt,8,1457,1479571252.0,False,False,False
dw045,riddlenet,79,1645,1384296736.0,False,False,False
2c18nh1,JMorrison2313,1446,8119,1495909274.0,False,False,False
pvcpgro,dobbyisafreepup,7084,199427,1514432812.0,False,False,True
1rplrpv9,crasswithass,1703,2176,1532449444.0,False,False,False
setog,Ziegmeyer,1578,5263,1448517951.0,False,False,False
os69f,ieatzapizza,1307,21301,1436844428.0,False,False,False
19402644,Maria3821,0,901,1524667791.0,False,False,False
38mwcrks,AciaEdelweiss,28,695,1550366732.0,False,False,False
12myd199,dV8703,213,1330,1521636062.0,False,False,False
177jit,newthrowawayfor2017,1654,8384,1492602132.0,False,False,False
156h7qos,shrestharyan100,3362,148272,1523133050.0,False,False,False
1cy41uc,pearls_rubies,506,60420,1495024368.0,False,False,False
goifvvn,PetsAndMeditate,16450,37262,1507515988.0,False,False,False
1sadcu33,i3li1,103,4148,1531725794.0,False,False,False
1rdtyq46,Argus-pdf,565,3998,1531424518.0,False,False,False
ffbtz,LockeLoveCeles,37729,2812,1393243760.0,False,False,False
3ck49ove,Evarrisette,2007,8755,1551772838.0,False,True,False
u8fg2,ironic_weaboo,2302,10152,1454106867.0,False,True,False
v045tk1,bolverkin,13616,86645,1517540107.0,False,False,False
3c0pbik3,sentient_garlicbread,13,1249,1551634251.0,False,False,False
7osfb,ahriyu,2,1404,1336677095.0,False,False,False
ek1fm,clinodev,20620,7815,1388300424.0,False,True,True
14ytml,kyxina,1766,3848,1485918867.0,False,False,False
b47u7,Big_Damn_Hiro,55610,919,1364563835.0,False,False,False
2v33qih5,Praximus_Prime_ARG,39258,70913,1545846746.0,False,False,True
2zfuqlly,dkurthate,137,22841,1547347488.0,False,False,False
p9sbdry,vndeadnightmare,7326,3095,1513978037.0,False,False,False
m7y0k,Kopar199,1025,2322,1426450937.0,False,False,False
2wfjjhmr,SeratoninSerenade,12,7420,1546326944.0,False,False,True
3eh4tmnu,OldPrinnyBeingX,0,791,1552486089.0,False,False,True
ck3y,RyanSmith,210036,5031323,1154960324.0,False,True,True
x7qrt,Babbasen,219,11397,1460789518.0,False,False,False
1ktoxs7r,Y-is-for-Yeet,2518,1738,1529090154.0,False,False,False
2uxx5fgd,willkeatinq,11,1645,1546138529.0,False,False,False
2tfq5byz,bs_jha,6,2120,1545218040.0,False,True,False
ami0x4u,desert_dweller_,740,1480,1502817611.0,False,False,False
2p5xh1z5,KnucklesTheMadTitan,3879,18275,1543613442.0,False,False,False
39nw91uk,Af203,467,11929,1550733135.0,False,True,False
24itxi1,bryanfantana74,2680,10118,1495726113.0,False,False,False
mvaok,andwesway,8090,45036,1428869680.0,False,True,False
12z9rq,CTiahao,262,3882,1479770167.0,False,False,True
3bqgmrae,takingboredomfurther,2448,3310,1551471350.0,False,False,True
mua13,Droyk,13852,129235,1428740979.0,False,False,False
6nzlx,smileyborg,427,743,1326577542.0,False,False,False
ngacdvr,crunnix,3320,97144,1512670268.0,False,True,True
2pxp9zyj,devileina_375,1,2521,1543917281.0,False,False,False
cwhw7g4,James007BondUK,16178,702045,1504674443.0,False,True,True
acz7s,Syrtax,2933,4876,1359124206.0,False,False,False
zo6jr,mcgrathc09,59148,186324,1469025381.0,False,False,False
2ll9ayex,taskrone,547,2560,1542476690.0,False,False,False
8vah2,grr_throwaway,1610,1160,1346529316.0,False,False,False
2f1fq8d9,nerffinder,1142,2865,1539628320.0,False,False,False
16km6q,gr4vitycamilla,24601,25851,1490728497.0,False,False,True
2wt27qae,MetartBabes,634,140899,1546463810.0,False,False,False
1zt18wp7,Henningee,597,2794,1534462420.0,False,False,False
7oz60rm,DrumsoftheSerpent,3398,67067,1508860132.0,False,False,True
tjjsa,electoon,1727,7996,1452108449.0,False,False,False
qanw7,Sinanjuice,1312,6426,1441767842.0,False,True,False
2pxj3po9,BlacknGraypanda,30,1326,1543914895.0,False,False,False
2z0h5tqb,dinhthai060,15,2041,1547294836.0,False,False,False
135j8c,darkknight941,21555,3085,1480351463.0,False,False,False
b5i7imm,_aj42,5825,5016,1512752736.0,False,False,False
9m537j2,ctaylor542,2855,478200,1502052151.0,False,False,False
ka8ma,TacoCat19,1642,5186,1419369475.0,False,False,False
igmib,bobby1076,7,8746,1411064682.0,False,False,False
1pqnnn9c,iBluie,45404,7240,1530855464.0,False,False,False
9jbcb90,CynthiaArts,555,2371,1531186768.0,False,False,True
vkvs51r,TemmieGamerGuy,151,6414,1544224836.0,False,False,False
4b2zk,Trunkhouse,2166,8552,1283442856.0,False,False,False
egm7k4i,Cringepedia,92,2264,1549410367.0,False,False,False
4fnx4gh,Rely_on_Leo,3056,6907,1498906337.0,False,True,False
nqrrg,maybemaybemaybe_bot,7674,1414078,1432726236.0,False,True,False
2d2m7nw2,hptavarez,88,687,1539138311.0,False,False,False
1yiay23b,amaejj,380,1442,1533913652.0,False,False,False
nr2ul,UUild,608,1817,1432759755.0,False,False,False
1aj6qa4v,11-110011,46962,180483,1525243162.0,False,True,True
vf1bp,Southernms,202940,443131,1456206037.0,False,True,True
2fgb4kig,dvne3K,17651,81087,1539792152.0,False,False,False
w74wrne,Idfkanymore52,55,8859,1518184313.0,False,False,False
g1f4vct,SomyaTul,228,5099,1507092170.0,False,False,False
vqcsvp,Wolfendoom34,162,2800,1514055509.0,False,False,False
10g8w2,LesserAnnoyingDog,3284,9218,1471112417.0,False,False,False
193zn0tl,quackingrobot,3125,1885,1524668095.0,False,False,False
2hzgj1nr,kimkaz0o,158,189196,1540787752.0,False,True,True
2zr1oo27,crossstatecollegekid,1866,87695,1547448457.0,False,True,True
w13eq7s,jaarn,2451,9185,1518096702.0,False,False,False
22xtwkki,AnnoyingCrow91,1493,107580,1535455343.0,False,False,False
1sylqg7s,batchbitch91,779,3372,1531943309.0,False,False,False
2g535jcu,to_the_tenth_power,1531235,2387770,1540071560.0,False,True,True
65usxpt,LetsFindSomeTalent,17659,2133226,1499295120.0,False,True,True
3de016pj,Forgotten_Dunsparce,9,2275,1552085115.0,False,False,False
w95fw4o,FafikCz,14,4257,1523657188.0,False,False,False
21rk6piz,Voltspire,3329,2652,1535063157.0,False,False,False
wl8n4,Osamito,27,1692,1458694398.0,False,False,False
dk5qlew,Kishimo21,481,5275,1527948183.0,False,False,False
i4fu2,Ailim,44070,1497675,1409419663.0,False,True,True
25tpuyfe,waffle9k,630,6419,1536351777.0,False,False,False
1041rs,Throwaway978668769,4366,327243,1470286081.0,False,True,True
25z56pzh,zvqx,724,2310,1536402973.0,False,False,False
ad8kv,d3athsd00r,4687,5566,1359173931.0,False,False,False
30eedcn,LifeSandwich,3249,4833,1517422062.0,False,False,False
15qy7a,gator426428,334247,745961,1488126335.0,False,True,True
15z17t,suspicious_fedora,1393,11332,1488840580.0,False,False,False
didkh,DavefaceFMS,7896,4115,1381782265.0,False,True,False
2k5qsqri,Xanixia,201,5855,1541651120.0,False,False,False
o5i17,Senpai_Has_Noticed_U,78846,4173,1434487902.0,False,True,False
imbvz,sloth_on_meth,53649,352525,1411964935.0,False,True,True
zagag,MotherOfDPP,1793,172621,1467811958.0,False,True,False
l50m4vx,WolfOfWhiteFrost,5,537,1511263726.0,False,False,False
ze435,mac_is_crack,55679,1353006,1468151833.0,False,False,True
3z5g9,nillbugwtw,1516,6871,1270173279.0,False,True,False
4fe7lcm,MarSlem,16218,40371,1497828399.0,False,False,False
1m20ryvb,Savannydevito69,372,6007,1529534325.0,False,False,False
609zz,SilverSeven,49006,14220,1318145791.0,False,True,False
3d67wbs0,katthyxonrax,5,4956,1552003491.0,False,False,False
36cfl96c,burnbookss,108,1547,1549575266.0,False,False,False
wn7slyk,aman5198,0,1488,1518417512.0,False,False,False
wzfqh,Lucky_Gamer3495,536,12892,1460117210.0,False,False,False
3673qmq4,Keira_Grace,0,1935,1549528833.0,False,False,False
9m7ou,jaimmster,255061,290795,1353022246.0,False,True,False
5hw35dg,its_me_me,202,2205,1511168451.0,False,False,False
htlih5n,hamzah2004,33,1033,1508361733.0,False,False,False
1g07j847,Dirant93,55,1615,1532729134.0,False,False,False
sda28,libermeister,44,726,1448396201.0,False,True,False
12pl24a,useralreadydead,1972,15372,1517685584.0,False,False,False
12xda5,nbng,47,2839,1479572040.0,False,False,False
blddf,twilighttruth,9077,31896,1367950825.0,False,False,False
21nv695k,BastianBeeFish,2865,5718,1535032384.0,False,False,False
6g4mq,earthmoonsun,126381,1637564,1323981421.0,False,False,True
10v1797y,TrustedAdult_69,395,5119,1520707082.0,False,False,False
zcn5n,GFTRGC,8238,3182,1468002377.0,False,False,True
2q5bsxjd,Alicezombie2121,1243,113824,1544000437.0,False,True,True
41v32,Sariel007,391155,4538030,1273581787.0,False,True,True
q5wp9,Yuany,645,4554,1441442902.0,False,False,False
3atukuj2,BeanCounter98761,62,1403,1551147544.0,False,False,False
1rubkuvj,GloriousBiscuit,14740,53316,1531578925.0,False,True,False
snpqs,jaykirsch,141758,4352599,1449188834.0,False,False,False
16050n,AnotherChosenOne,7717,120339,1488932166.0,False,False,True
1t6ec3r3,hehefeigu,8,932,1532014897.0,False,False,False
399ozik1,baption0,1692,5327,1551928642.0,False,False,True
ie7sf,DasGangle,735,1814,1410696270.0,False,False,False
bwn5y,Anitram,4843,6083,1370240460.0,False,False,False
2ad2yv3s,Joel_Creates,1584,9160,1547752297.0,False,False,False
17qtsufu,Littlebitdramatic,2094,193096,1524081660.0,False,True,True
t17yf,lbiselli,264,786,1450393291.0,False,False,False
1qgl3idh,IntellectualGoat,634,1506,1531116901.0,False,False,False
x67hu,dookiezey,5042,5171,1460651294.0,False,False,False
2yk2temh,Dayvallenphotography,67,3489,1547064180.0,False,False,False
fdyuhd7,Raindroppattern,448,1168,1506622083.0,False,False,False
119cn4,AtlanticRiceTunnel,4357,7727,1473310759.0,False,False,True
5b69sp8,jonbruns,531,11599,1500298342.0,False,False,False
1oqx2c2v,Eggs_Queue_See,122,5031,1530505214.0,False,False,False
2grkljpk,EpicHsyn,523,3372,1541312471.0,False,False,False
fir63ax,BethesdaGameStudios_,18288,40011,1506719418.0,False,False,True
7nx4d,Krazykrys333,0,1180,1336447358.0,False,False,False
h55e0,redX009,3726,4690,1403777783.0,False,False,False
2p8oqook,lookfa,533,1619,1545984929.0,False,False,False
1m26pus4,papa-nazzingher,2057,1523,1529535892.0,False,False,False
otesy,Mindstar48,5262,1632,1436965340.0,False,True,False
hd4ag,sevens777,8023,21448,1405133219.0,False,False,False
mebjxhu,JesterRookie,185,542,1511857583.0,False,False,False
xmqifh7,The_Dnl,508,6787,1519058924.0,False,False,False
c7eekg1,Neyo708,48801,145793,1504095557.0,False,True,True
jxs4joq,papiavi,303,13797,1509925962.0,False,False,False
2dstsvp6,asslickersss,406,5136,1539140571.0,False,False,True
cxsjg,ChicagoCowboy,95633,23031,1377791373.0,False,True,False
1049ju,chrislaker92,862,19835,1470310787.0,False,False,False
s7mwazq,Jeeta427,173,15379,1516080253.0,False,False,False
306d9o7y,Hazzaboi284,3,3811,1547843662.0,False,False,True
15hlbt,MitsyEvo,3989,9437,1487332018.0,False,False,False
1f9c9baq,moleydan,8,4247,1527018739.0,False,False,False
3878sgsi,dred_not,120,2199,1550204049.0,False,False,False
19v5m9u4,KnitBlack,4595,29645,1524979385.0,False,False,False
gz0e6r2,Rriissaakk,1,4589,1507983486.0,False,False,False
2e3bdf2q,chachachadiablo,837,3831,1539513857.0,False,False,False
l9r31e2,NewNameJosiah90,11112,6507,1510961626.0,False,False,False
10vg3v,didnteventri,219,84662,1472088163.0,False,False,False
iu7d3,Arien84,1768,32017,1413219654.0,False,False,True
lj9u6yo,Van-goggen,297,2859,1511173224.0,False,False,False
24700rvc,TheRoaringRex1234,2091,15169,1535841782.0,False,False,False
152zkg,secretbridgexxx,20411,361339,1486251286.0,False,True,True
16x8qq,damppapi,172,1455,1491742763.0,False,False,False
17hy25rw,Boudi884,4800,13560,1523968377.0,False,True,False
124db3,0neToo,11062,9368,1476472222.0,False,False,False
e1uafnq,Colettaer,0,3233,1505598467.0,False,False,False
26pycys3,Earthbull66,1574,24966,1536757531.0,False,False,False
33bs962x,Dankacy,457,1979,1548574210.0,False,False,False
1n8ldeke,AnInitialDFan,601,6734,1529947997.0,False,True,False
ds2id,stuffman64,2778,39278,1383621085.0,False,False,False
n7zqi,Iowa_ink,74,6979,1430439055.0,False,False,True
8krkk,tails_the_gay_fox,14692,20992,1344258705.0,False,False,False
3c31ag8n,chan-23,5,1115,1551590448.0,False,False,False
39qki2u8,ShrekNibbal4,223,1734,1550761735.0,False,False,False
omig0j5,God_Spaghetti,530,2407,1513521754.0,False,False,False
avobu,zsreport,223120,2380742,1362841819.0,False,True,True
zywko,climbingup_thewalls,8677,37726,1469919348.0,False,False,False
3efnzcgf,DeadNebula4,0,1447,1552469947.0,False,False,False
1kr6rzk2,radowanhabib,8290,724866,1529066190.0,False,False,True
1c65ktyd,FrippaJunior,77,1179,1525884804.0,False,False,False
tp4xn,akashi10,1035,33824,1452533632.0,False,True,False
gi5xy,act_surprised,35818,1510,1399703301.0,False,False,False
3ab6p78p,GORUDOEXUPERENCU,609,864,1550961656.0,False,False,False
134lti,GreenManReaiming,12013,53021,1480268780.0,False,False,True
u22eh,DaireFitton,1306,4585,1453559896.0,False,False,False
ucgiz,qrpyna,10219,39526,1454400316.0,False,False,False
q6jmb,cloudsheep0,36161,99296,1441483497.0,False,True,False
15a9kr,SlickSerpent,858,8667,1486786304.0,False,True,False
15yfk7,ByfelsDisciple,16990,102014,1488789765.0,False,True,True
qaevw,hasanpiker,2528,2316,1441752546.0,False,True,False
24le6buo,HairyAwareness,5084,5949,1535971512.0,False,False,False
eb7oauk,VeryGayGuy,518,6408,1505797421.0,False,False,False
xhbogu0,mlee117379,1535,77003,1518868675.0,False,False,False
kq9inxp,Classic_Karseat,1828,4619,1510541668.0,False,False,False
65ila,bassampp,17514,13152,1320100673.0,False,True,False
p6v4vpt,gxd-s,291,8339,1519575583.0,False,False,False
om4yrzw,Raphael-Marie,2102,10009,1514807635.0,False,False,False
367zu96l,DooM-Xeno,10,972,1550625851.0,False,False,False
163cz4,Pacific-Storm,1226,7806,1489208229.0,False,False,False
8cszo,fps916,219114,4249,1342489914.0,False,False,True
36kydpox,KillAllFurries0904,2207,30686,1549652698.0,False,False,False
37tevmsz,Big_ol_yeet69,-100,703,1550072922.0,False,False,False
3p32m02,chocolat_ice_cream,22274,2219809,1497137108.0,False,False,True
38mmt6nq,Shigo96,747,868,1550758220.0,False,False,False
1v4b6nv6,leader_of_hundred,8373,9239,1532679237.0,False,False,False
2mhgnags,Sugar_Daddy720,9,870,1542570278.0,False,False,False
2wibobbo,linzrap,9106,25066,1546358245.0,False,False,False
2bcuplt8,FuckingObsessed,8013,36524,1538269189.0,False,False,True
2kffbqud,ButterMyEggrollPlz,290,5387,1541763623.0,False,False,False
2tazrulc,rhimichele,13,3466,1545169017.0,False,False,False
2n4x0hlt,ActualRealBuckshot,752,1298,1542820043.0,False,True,False
hy58p,jafarul,1359,4184,1408450520.0,False,False,False
vfccz9t,ArianaAngelsxo,2364,35581,1517770301.0,False,False,False
hrdcy,WhileFalseRepeat,28815,45912,1407373621.0,False,False,True
2swd42lr,BrickyCeltic,213,1634,1545020780.0,False,False,False
8cspm,riptide747,155566,115607,1342488420.0,False,False,True
anzru,shroomigator,37872,18054,1361344635.0,False,True,False
6ju7j,Mlthelasher,9679,14138,1325315657.0,False,True,True
egaiy,MGLLN,1406180,3982031,1387600612.0,False,True,True
ybzdk,Slurpieslurp,1490,4543,1464655053.0,False,False,False
x66ow,codyvondell,3777,19387,1460649625.0,False,False,False
1ik08gmx,unapologetic_fangirl,2850,105226,1528224776.0,False,False,False
11gv7r,phl4g,171,1242,1474104865.0,False,False,False
9zdzs,VrakeBrae,627,722,1356291055.0,False,False,False
oc1wu,Mount10Lion,51050,197038,1435242570.0,False,True,True
1cxo26w,jbabrams2,2096,13715,1506977510.0,False,True,False
2yon1fdm,youOldMollusc,515,1993,1547100012.0,False,False,False
1gs1vt7b,Vinestrike,6,2844,1527566606.0,False,False,False
1kl9ee9d,SnB_790,6,5589,1529003644.0,False,False,False
x5usa8s,ultimate_success,521,26015,1518698019.0,False,False,False
35uzk9u4,Mosso3232,47,2987,1549413450.0,False,False,False
2qttefg9,duke-vedam-dren,5024,46590,1544261665.0,False,True,False
82wro,SureSignOfAGoodRhyme,60637,16377,1340340147.0,False,False,False
hwdorj1,KWot11,441,6319,1508421930.0,False,False,False
x6xtu,YasserAA99,10542,3522,1460715679.0,False,False,False
msqjb8q,pockettherocket,72,3862,1513445827.0,False,False,False
cd6gqq,CMDR_Waffles,3558,19094,1500271775.0,False,False,False
2pcw83m,garlickybread,2345,5019,1496838439.0,False,False,False
2h1wxabx,mhopkins18,0,1023,1540429997.0,False,False,False
30w72r43,ReturnOfAKidNamedTae,6015,1924,1547819163.0,False,False,False
4mcf7,vernazza,188884,244498,1292359125.0,False,False,True
b32xg,RawPacket,11850,1938,1364329211.0,False,False,True
13ch63,PM_ME_SPONGEBOBMEMES,732,1986,1480985162.0,False,False,False
igb60,RinebooDersh,26027,19313,1411008521.0,False,False,True
169eru,dwarvencactus,4288,9356,1489748125.0,False,False,False
15aw5k,el_aleman_,4623,2890,1486838588.0,False,False,True
16pu8c,1270815,984,1169,1491146957.0,False,False,False
dt14f,zryn3,82716,85656,1383785958.0,False,True,False
el08g,Goal1,64047,1304020,1388460531.0,False,True,False
3dgp8vuo,sakura_lian,8,785,1552113981.0,False,False,False
by2nh,Djbearjew,27002,3339,1370533357.0,False,False,False
16r6yx,zbellam,10203,3967,1491238601.0,False,False,False
2s6fs6jv,PriorPenalty,26,3620,1544775475.0,False,False,False
335h9b3e,Treasonous_Senate66,23,9900,1548514216.0,False,False,False
1zr1wt08,Wowasoar,56,1591,1535547188.0,False,False,False
z06x2,shawnmcgrath123,1773,8232,1466867196.0,False,False,False
o7o6q49,Hobbit-trivia-bitch,1920,8138,1513217177.0,False,False,False
2n4oi7o7,FruityPorn,159,19909,1544814539.0,False,False,False
1mdggfp0,augenblocken,95,1286,1529643416.0,False,False,False
334vczml,lyadavy,883,1562,1548508013.0,False,False,False
2yb0tbjw,divingenthusiast,1768,7102,1546976177.0,False,False,False
rnqmh,Bocrabs,282,1107,1446428227.0,False,False,False
wozwm,MarschallGee,5785,14799,1459114546.0,False,False,False
1s20w18w,_pwn20wnd,34936,22796,1531649951.0,False,False,True
11lhpo,tarvis99,6118,4709,1474576372.0,False,False,False
advly,GoldenGrlz,5327,5373,1359334293.0,False,False,True
s2eb5,AcoupleofIrishfolk,44888,165133,1447616065.0,False,False,False
gwles26,RealGamingGecko,274,3570,1546976540.0,False,True,False
2jiqahhj,fknfrsh,313,61332,1541392137.0,False,False,False
c1s5q,caseyanthonyftw,14103,4034,1371324294.0,False,False,False
ctawaw,maffdiver,3619,11663,1504478650.0,False,False,False
q7d8d,Oscar_Hotel,49,585,1441538055.0,False,False,False
a5h3iqv,southernBaron,165,787,1502463878.0,False,False,False
w9q8l6f,gregthegregest2,42400,510226,1518220083.0,False,True,False
8yh55,Darkhanov,3000,10900,1347223051.0,False,False,False
fognv,I_dont_cuddle,9976,1019,1394714924.0,False,False,False
2myf4i0s,Hen_ryTrev,29,13229,1542747988.0,False,False,False
36vomrb1,jlnichols_xx,183,3734,1549752463.0,False,False,False
nzat3,news_SS,13407,61001,1433782689.0,False,False,False
b21af,piccolofapcontroller,484,4031,1364111259.0,False,False,False
12bjln,CharaChan,8167,12544,1477202971.0,False,True,False
2ff92160,Icarus8192,1140,2047,1539780538.0,False,False,False
2yspmdul,jack_murf,68,6250,1547139317.0,False,False,False
17fnn3,wowserbowser879,1376,106023,1493236346.0,False,False,False
yc80s,yauami,3877,5326,1464676678.0,False,False,False
23cexge3,AsherGriffBoi,704,1722,1535577313.0,False,False,False
11er9l15,straightupeats,3482,30650,1520993622.0,False,False,True
2d79lnki,Eldritchhh,39,2366,1538988555.0,False,False,False
xbzed,Saint_Stephen420,109390,60200,1461194452.0,False,False,False
3zr43,Idontlikecock,90379,217233,1270918137.0,False,False,True
lfif0zr,pastorizeyumurta,3634,2781,1511090683.0,False,False,False
h64djgc,PaintSniffer69,1411,73721,1507865261.0,False,False,False
1mhdsybk,nicovsv,168,694,1529683919.0,False,False,False
tv3ba,Al_C_Oholic,10068,3174,1452995835.0,False,True,False
1vfn75cx,jenn_lyn21,4611,119840,1532799527.0,False,True,True
ngdoy,veggie_kiosk,3324,7606,1431541092.0,False,False,False
p8fcu,ordinarybloke1963,16716,20584,1438433604.0,False,False,True
1dht7imy,TrXGmR,556,18316,1526392037.0,False,True,False
7k5o21,johnnyrocketfive,228,1203,1509718109.0,False,False,False
1oe35hod,prider189,29,1042,1530371631.0,False,False,False
14t9vz11,Tankounet,906,2261,1522708775.0,False,False,False
70o0ok1,MeepMeepMother_fuck,1774,5281,1499994591.0,False,False,False
ke3j8,Euerfeldi,66794,196240,1419895956.0,False,True,False
aqxw16s,aijazkhan81,394,3661,1507769626.0,False,False,False
v2wah,Omanbo,15731,25787,1455560543.0,False,True,False
9t0dv,redditorofdoom,6009,7580,1354741619.0,False,True,False
1qcptp1l,nym320,47,443,1533318088.0,False,False,False
13bsadpa,GodzillaWolverinefan,10353,67777,1522001138.0,False,True,False
eqjfc,derstherower,288794,257237,1389303997.0,False,True,True
ntrk65f,NickRynearson,17065,85831,1512943780.0,False,True,False
2vvyscbf,FitNakedGirlsBot,336,2717,1546131461.0,False,True,False
78z7u,drunkenviking,151575,9887,1332533814.0,False,False,False
c14on,Alfred_Brendel,1955,6086,1371170941.0,False,False,False
ja8g0vk,I_den_titty,10163,9778,1509438381.0,False,True,False
10jptqep,RivaWillow,706,6618,1520536677.0,False,False,False
39fgrckw,AlexDM07,18,1982,1550652051.0,False,False,False
4goqvfp,extreme_vic,450,4459,1518967945.0,False,False,False
3eddav4k,pleasurely_bot,0,1327,1552445963.0,False,False,False
plgml,Harlan1945,2456,5806,1439718089.0,False,False,False
yw36szs,regularman23,1362,83735,1519647290.0,False,False,False
235vg4oh,TheCoolestCaz,372,19391,1535520943.0,False,False,False
16664t,benbjerke,1003,9112,1489460924.0,False,False,False
eobko,DL2828,67527,1152673,1388986534.0,False,False,False
148qgyma,A_G_X10,4691,12814,1522445274.0,False,False,False
wwugi,1134_vvorJ,4805,697,1459914287.0,False,False,False
cj19h46,superhuman007,12,843,1504357014.0,False,False,False
14fiee,Em367,30676,7873,1484404743.0,False,False,False
1bz8qqjr,xxlixexx,2061,5280,1525809135.0,False,False,False
3a23eg60,funnyrat,108,767,1550872079.0,False,False,False
fyadi0v,Paul_Archer,83,621,1507029921.0,False,False,False
24qolldq,alexakadeath,43,2968,1537755078.0,False,False,False
1c2qp2ek,avaughan11,27019,7118,1525845959.0,False,False,False
17i457,cobster17,3835,2943,1493452081.0,False,False,False
3e3g1fr3,unicornlover1996,302,5119,1552349958.0,False,False,False
1t4gqrzc,Bessieboo2000,8485,11128,1531997495.0,False,False,False
3a8e4cvx,throwaway3454345465,642,907,1550935676.0,False,False,False
1zfl5zqj,LiberalsTurnFrogsGay,13827,9889,1534251815.0,False,False,False
1t6tubuy,MaybeIllFallHard,672,2594,1532019485.0,False,False,False
yo75d,IL2016,69,2155,1465758064.0,False,False,False
116reoh8,LogicLost,225,3208,1539351131.0,False,False,False
1gn39qyw,TruthPhairy,772,47307,1527521540.0,False,True,False
4kdwb,PlanetoftheAtheists,27152,1600505,1290998577.0,False,False,False
5hbzl,Rae_Starr,28692,40090,1310041615.0,False,True,False
rwpgg,nightwalker85,505,156772,1447164253.0,False,True,False
1tksd06u,ridiculam-nomen-eius,13617,19930,1540258896.0,False,True,False
mvfu7,german_leopard,6543,49140,1428883946.0,False,False,False
2r4ux36l,Meganinja1886,1312,4020,1544386520.0,False,False,False
xbfof,PM_ME_UR_BOOBS_CUTIE,77934,3168463,1461146468.0,False,True,False
p1ajoko,FluffyTypeR,6,514,1513806693.0,False,False,False
php1c,LaddZilla,30720,139506,1439352460.0,False,False,False
2et72wp,LISTENUPonlinestore,426,2097,1495979436.0,False,False,False
kqphejc,Alastoryagami,7259,13783,1518285806.0,False,False,False
2gail5fj,mzameer,60,4501,1540136220.0,False,False,False
3adi6oqq,kikoc,79,766,1550983730.0,False,False,False
1k289vz8,Oakdream,1115,88013,1528807945.0,False,False,False
2hn679yo,ihsanali78,137,267,1540799807.0,False,False,False
2vlz9bup,visual_addition,326,34423,1546029007.0,False,False,False
1hzgpwuj,JandPHalpertFTW,57,3427,1528011779.0,False,False,False
3al1lkem,Nibble_My_Nabla,75,2255,1551059233.0,False,False,False
a747e,FrankDday,7036,7558,1357996912.0,False,False,False
2ixgq8i2,small_solution1,455,4879,1541153110.0,False,False,False
1tfknns9,thatdo123,67,2889,1532100497.0,False,False,False
4f9mipf,DepressiveOnion,23455,6077,1497781718.0,False,False,False
ggwpg,IBitchSLAPYourASS,23860,7321,1399489051.0,False,False,False
27suycsx,SilverContribution,425,40590,1537011363.0,False,True,False
15eplmaq,youaresofingsmart,5263,14794,1522981526.0,False,False,False
biuqjes,_r_special,26561,2231,1503516746.0,False,False,False
5mmsm,railroadman,36169,6410,1312660415.0,False,True,False
28v9xzky,secretslvt,633,19854,1537381890.0,False,False,False
irzbpi9,lrlOurPresident,9648,649428,1509076902.0,False,True,False
1cl4ou9w,Yargle_Bargle,5891,6585,1533215215.0,False,False,False
2oqwt9vz,nabihestefan,62,2527,1551824908.0,False,False,False
pul2f,Swartschenhimer,19309,24788,1440518281.0,False,False,False
1k4s7446,mrhudy,21,527,1533860213.0,False,False,False
yq6om,Google_Peru,23540,8364,1465924710.0,False,False,False
adwk2,monkeywelder,64699,16744,1359338754.0,False,True,False
ss2xp,frontrowcenter,22254,1078,1449604233.0,False,False,False
27qx5ro2,YoriYasoki,14,2360,1536988630.0,False,False,False
qfxvy,guyrandom450,1541,6097,1442193102.0,False,False,False
9l8dxuz,OprahOnAcid,2340,4800,1502034202.0,False,False,False
v0brt0u,friedflip,705,5485,1517543085.0,False,False,False
39rk1qug,hctibdab,1215,3685,1550771050.0,False,False,False
2ix4wwci,Swagdaddydaddyswag,-2,1669,1541148567.0,False,False,False
39uf4i2g,Scaifism-,274,1890,1550797520.0,False,True,False
2m708qcm,ravi0lee,115,3592,1542462779.0,False,False,False
mtgcj,seamuswray,1636,340366,1428637625.0,False,True,True
11okcnlg,pushpiniris,35,749,1521133876.0,False,False,False
rslo0,OBUDingusKhan,889,7802,1446826749.0,False,True,False
16shcbb2,AdditionalPollution,0,504,1523631942.0,False,False,False
wpy4h,Oak_Shaman,475,3404,1459210053.0,False,False,False
1hjen2z,Italian_Monkey,850,5229,1504223606.0,False,False,False
66qetgp,joshuasulman,97,695,1499314264.0,False,False,False
rq1jy,raelaj,2369,11030,1446631873.0,False,False,False
16hlc02i,binchwhut,1877,5650,1523489769.0,False,False,True
2mv0cnv8,JShippers6,676,1085,1542716571.0,False,False,True
1krus5lu,JustADot2,65,6199,1529072873.0,False,False,False
14q9i3,TriangularUnion,3233,7199,1485240598.0,False,False,False
220fh0mn,fun_in_love,763,39735,1535146197.0,False,True,False
l4uf5vl,DisillusionedReality,8073,7265,1511294776.0,False,True,False
2xu0x9wm,sjmbr,223,5533,1546815047.0,False,False,False
31x97lap,jj_w00,1289,76332,1548133308.0,False,True,False
u0xef,UKDarkPredator,25502,46848,1453451695.0,False,True,False
2ldv6w6a,goofyonlinepersona,304,891,1543329681.0,False,False,False
yw45s,_NITRISS_,65996,1868116,1466447121.0,False,True,True
ag02xgb,jellyclaws,6702,20243,1502685561.0,False,False,False
b6clq43,ingsoc_1984,58,1332,1520881198.0,False,False,False
100exlyf,AccurateLine,2182,8778,1520256209.0,False,True,False
44qf0r,fairkatrina,14876,6756,1509235486.0,False,False,False
16trlx,_whos_there_,9,3442,1491435246.0,False,False,False
1iszpyyc,SweetViki,932,657141,1528316894.0,False,True,True
16rhnk,Fru1tyJuice,364,6370,1491258969.0,False,False,False
4qmyk,52hoova,129448,6294,1295338969.0,False,False,False
2oy1ars3,AlyricalWhyisitTaken,2269,3897,1546281269.0,False,False,False
5udh9,Linkinito,76538,16020,1315824775.0,False,True,False
wnhr4,Jack_Iron,25,1368,1458945213.0,False,False,False
1a3fh6sw,dougcheeseman,789,689,1525070842.0,False,False,False
28dnec0a,Freed_o_gram,4257,101219,1537216014.0,False,False,False
gkcbr9s,cafu2020,1003,42829,1507440522.0,False,True,False
jf1fl7,Seiterno,12631,17266,1495882440.0,False,False,False
wu9k7,PhantomMistGaming,3887,4179,1459647933.0,False,False,False
11sh3f,hexilexi,18001,69593,1475267294.0,False,False,False
19j3jjwv,no_stigma,894,2887,1524842450.0,False,True,False
1wro3xxb,frpcd,178,809,1538590662.0,False,False,False
12tdzu,ODCsquad,98,2169,1479158521.0,False,False,False
7gtje,szubia,12,1796,1334549506.0,False,False,False
12i68q1d,Conjuration_Boyo,2489,2824,1521565629.0,False,False,False
krfmb,epicness5447,3169,3216,1421459949.0,False,False,False
1qkecd1z,NoooProblem,26,893,1531155746.0,False,False,False
11itk8,Atroia001,256,536,1474304450.0,False,False,False
31k7o4m7,now_im_toast,1170,37850,1548027492.0,False,False,False
134gno,Mackteague,2142,95797,1480256617.0,False,False,False
1435en,chriswilliams1,2425,15084,1483395426.0,False,False,True
wqtrz,awkbr549,2694,9679,1459297525.0,False,False,False
e60jg3d,I_Lost_hope,560,1903,1505687635.0,False,False,False
jxpqi5p,BilaryatBensec,267,1549,1509924665.0,False,False,False
32v893s6,factsd0ntlie,13174,7102,1548414710.0,False,False,False
nnjmcqt,DisJaimee,107,703,1512818309.0,False,False,False
abg50,andigo,32449,47219,1358841419.0,False,False,False
28xpmmu0,I-Eat-Donuts,1123,4121,1537402073.0,False,False,False
3e3vzcr0,Beautiful-Universe,9,599,1552354216.0,False,False,False
56iaa,Lol33ta,72105,4349037,1304362263.0,False,True,True
fsa6s,Anagalmeshshu,13219,10504,1395361045.0,False,False,False
1589l8,17Daggers,14,456,1486638358.0,False,False,False
tzi0j,brando-b-123,3,3295,1453342727.0,False,False,False
cddbb3i,StrikerBoy467,4982,17280,1504219826.0,False,False,False
209bi8cd,Frizxtro,134,1318,1534542536.0,False,False,False
dg3nd0l,je_moeders,285,2760,1505123937.0,False,True,False
hhhbc,Dark-paradise,802,28574,1405840471.0,False,False,False
mmhrn,MouldyEjaculate,13013,2239,1427866266.0,False,False,False
25z6honl,MBRedditman1,2483,55685,1537108713.0,False,False,True
e9550,PM_ME_UR_TITS_,7655,4644,1386487240.0,False,False,False
dwond,timmodude,280,2000,1384399796.0,False,False,False
3b47xi2y,your_waifu_is_trash2,11,296,1552492753.0,False,False,False
i205h5f,WestIndianQueen,638,1489,1508575229.0,False,False,False
wz756,Pirate_Redbeard,171354,6035118,1460095842.0,False,True,True
b3cf8,GtheS,431,5084,1364379045.0,False,True,False
qonkdup,KristofferRa,41,293,1547679751.0,False,False,False
2gx93wog,thedaddy71,11,4959,1540384876.0,False,False,False
ckyru63,PsychoTofu,112,959,1504403170.0,False,False,False
un1kcj8,PrismaticPistatio,2352,4932,1517351809.0,False,False,False
395m3f3x,PM_4_DEEPTHROAT,92,3186,1550556157.0,False,False,False
p5edt3p,TinaMMc,216,363,1527615052.0,False,False,False
29dgiuls,ReaganAbe,8708,252563,1543504402.0,False,False,False
jf7obzc,itsme_matt,1556,250875,1509544053.0,False,True,False
1270x8,lazyhumxn,27,1051,1476732324.0,False,False,False
te1kc,_Veliass,3613,45073,1451654820.0,False,True,False
2rk3v0fv,omitdisease,12,2873,1544621805.0,False,False,False
s5eq7,GGezpzMuppy,98322,67117,1447819361.0,False,False,False
36usr4o6,The_Dixie_Flatline-,686,3784,1549744645.0,False,False,False
22yko94,CzdZz,54936,147463,1509122244.0,False,False,True
zira1,ediaz35,101,602,1468563745.0,False,False,False
1xphxlka,bamibrick046,334,398,1533632134.0,False,False,False
12n4abtx,xt911,331,17417,1521638244.0,False,True,False
3dajikij,Surgeox,10,2852,1552050772.0,False,False,False
3dulms0e,PurpleLawn87,246,6473,1552260628.0,False,False,False
mwjpf,germanchoc,899,2443,1429013867.0,False,False,False
11ku2w,arlie1522,1170,1809,1474504032.0,False,False,False
bxj2l,xeromatt,1603,1985,1370413786.0,False,True,True
dgno0,DJToughNipples,11859,17179,1381436867.0,False,True,False
3egm2mwk,throw9876awayy,0,1066,1552480268.0,False,False,False
qbf5i,HarryDeekolo,33887,216690,1441835831.0,False,True,False
1k70vnn2,nuclear808123999,7672,64311,1528853941.0,False,False,False
17a77a,superjean10121,2094,150285,1492799865.0,False,False,False
g9f35s,KimJongJames,954,8493,1521575710.0,False,False,False
2n2w4s1a,sseperateways,14,424,1542836694.0,False,False,False
k5m7e,Miley_Dahmer,56217,78796,1418867978.0,False,True,False
b6vei,batman390,265,59268,1365058649.0,False,False,False
9tc64,degroob,13701,28250,1354815530.0,False,True,True
l3hxe,iamlunasol,34626,37392,1422844845.0,False,False,False
aw7v2,April2nd1982,-100,118,1362953415.0,False,False,False
2tjtxopf,alentrixart,323,1305,1545261739.0,False,False,False
1xxnzsy5,CrunchyMothBurrito,3011,24177,1533712094.0,False,True,False
2wgf405a,NazmulHossainRana,234,214896,1546336500.0,False,False,True
o63l5,raccoonpaws,2156,3019,1434555865.0,False,False,False
p6gpv,generallyaware,14267,115698,1438229488.0,False,True,False
qbigo,S0nicorn,3032,4477,1441843408.0,False,False,True
iyq1ovc,Dragonfreak123,52,1477,1509217535.0,False,False,False
2hnr3mjs,unbeatenroom8,101,6616,1540676518.0,False,False,False
28kc9xhq,ItsWheezery,2024,2325,1537282084.0,False,False,False
4kzsh,KazakiLion,19777,9337,1291437688.0,False,False,True
m0qjg,PotRoastBoobs,160212,1971115,1425946059.0,False,True,False
qpw2wav,GPsReptileResort,1589,81351,1515050228.0,False,True,False
jgnir,babuc,1148,676,1416445683.0,False,False,False
104e8m,Scorch_62,281,597,1470323041.0,False,False,False
3e8t83ey,NatureThot,1,352,1552405961.0,False,False,False
40mk53f,MernMcMernface,178,1855,1497417148.0,False,False,False
1j4k8svo,AdequatelyUntouched,157,310,1528440101.0,False,False,False
7xxdmco,Muzeah,7095,59442,1500709617.0,False,True,False
eng3i,Worsaae,25012,17678,1388859213.0,False,True,False
3do5u1cl,Blasianbeautyxx,13,1970,1552194282.0,False,False,False
1pwwlkfn,Jjames53,58,2179,1530921837.0,False,False,False
2q4q5jdl,hot-soccer-mom,32,4445,1543994107.0,False,False,False
dzvtj,mudhousegypsy,6414,7467,1384934310.0,False,False,False
osh00vs,AntiSocialMackerel,1542,2828,1513633184.0,False,False,False
qxne41q,megamic97,35,1170,1515212683.0,False,False,False
10afn652,Ilikeweirdporn69,250,6392,1520396844.0,False,False,False
11c6pwsf,Nintendoughh,289,1902,1520957973.0,False,False,False
ihomnup,Reznov7,7316,4674,1508863533.0,False,True,False
2tw11pk0,chiellini_20,100,3509,1545371097.0,False,False,False
4j4id,redhatGizmo,24820,439143,1289986377.0,False,True,False
cpebw,jakehou97,6311,2212,1376150257.0,False,False,False
t77us,Feniks_Gaming,7098,5935,1450958694.0,False,True,False
b0bkf,dork432,4546,1744,1363735950.0,False,False,False
q6paysr,Longhairdontcare1984,1282,104459,1514662958.0,False,True,True
2m6eyfxp,Fifa19GOTY,631,618,1542455811.0,False,False,False
2t8ark4k,ToxicFlail,108,3972,1545142149.0,False,False,False
r0nhx,joshuaxcain,10,1217,1444274934.0,False,False,False
11vycxic,rainingchampagne,128,699,1521238392.0,False,False,False
rcorj,strawberry-blond,5584,43336,1445446866.0,False,True,False
lgm39kw,OwO_Bot,10826,1069273,1511114935.0,False,False,False
